Tempo desde ultimo,Teclado ativo,Calculadora ativa,Google ativo
1.1333298683166504,,False,False
0.81671142578125,,False,False
1.7255680561065674,True,False,False
0.8510227203369141,True,False,False
0.7031457424163818,True,False,False
0.6989707946777344,True,False,False
0.6687374114990234,True,False,False
0.7813723087310791,True,False,False
1.0185844898223877,True,False,False
0.768808126449585,False,False,False
0.4812967777252197,False,False,False
